path	duration	peak	rms
Assets/_Project/AudioEffects/BossTheme(пока рано)/Cryo Mutant Siege.mp3	124.968	0.0000	0.0000
Assets/_Project/AudioEffects/BossTheme(пока рано)/Red Zone Requiem.mp3	158.376	0.0000	0.0000
Assets/_Project/AudioEffects/BossTheme(пока рано)/Red Zone Requiem_2.mp3	224.328	0.0000	0.0000
Assets/_Project/AudioEffects/crit.mp3	0.418	1.0000	0.1521
Assets/_Project/AudioEffects/dragon-studio-zombie-scream-324752.mp3	8.098	0.7876	0.1166
Assets/_Project/AudioEffects/GunShoot.wav	0.448	0.8698	0.1938
Assets/_Project/AudioEffects/Laser_bullet.mp3	1.254	0.5703	0.1203
Assets/_Project/AudioEffects/Level_1/Blue Ruin Path.mp3	197.784	0.0000	0.0000
Assets/_Project/AudioEffects/MainTheme/Below the Ruins.mp3	201.288	0.0000	0.0000
Assets/_Project/AudioEffects/MainTheme/Beneath the Ash Soil.mp3	209.568	0.0000	0.0000
Assets/_Project/AudioEffects/MainTheme/Beneath the Ash Soil_2.mp3	198.624	0.0000	0.0000
Assets/_Project/AudioEffects/MainTheme/Bunker Menu Loop.mp3	134.448	0.0000	0.0000
Assets/_Project/AudioEffects/MainTheme/Frozen Ruins.mp3	219.744	0.0000	0.0000
Assets/_Project/AudioEffects/new/6d91dda56e9b0c1.mp3	3.004	0.1685	0.0248
Assets/_Project/AudioEffects/new/8c2d2bfc9fe0c1d.mp3	30.537	0.0000	0.0000
Assets/_Project/AudioEffects/new/875b8bd01943cfc.mp3	0.366	0.4874	0.0945
Assets/_Project/AudioEffects/new/88220d21b812cca.mp3	0.287	0.2954	0.0390
Assets/_Project/AudioEffects/new/e0bdf44775a0d80.mp3	1.384	0.5062	0.0525
Assets/_Project/AudioEffects/new/eac678556f1275c.mp3	0.209	0.5849	0.1138
Assets/_Project/AudioEffects/new/Level_up_test.mp3	1.848	0.3408	0.0318
Assets/_Project/AudioEffects/packs/kenney_impact-sounds/footstep_carpet_000.mp3	0.235	0.8179	0.0523
Assets/_Project/AudioEffects/packs/kenney_impact-sounds/footstep_carpet_001.mp3	0.235	0.8812	0.0781
Assets/_Project/AudioEffects/packs/kenney_impact-sounds/footstep_carpet_002.mp3	0.235	0.8812	0.0781
Assets/_Project/AudioEffects/packs/kenney_impact-sounds/footstep_carpet_003.mp3	0.235	0.8332	0.0532
Assets/_Project/AudioEffects/packs/kenney_impact-sounds/footstep_carpet_004.mp3	0.235	0.8332	0.0532
Assets/_Project/AudioEffects/packs/kenney_impact-sounds/footstep_concrete_000.mp3	0.183	0.8445	0.0644
Assets/_Project/AudioEffects/packs/kenney_impact-sounds/footstep_concrete_001.mp3	0.183	0.8343	0.0553
Assets/_Project/AudioEffects/packs/kenney_impact-sounds/footstep_concrete_002.mp3	0.209	0.8133	0.0497
Assets/_Project/AudioEffects/packs/kenney_impact-sounds/footstep_concrete_003.mp3	0.183	0.8279	0.0598
Assets/_Project/AudioEffects/packs/kenney_impact-sounds/footstep_concrete_004.mp3	0.209	0.8561	0.0610
Assets/_Project/AudioEffects/packs/kenney_impact-sounds/footstep_grass_000.mp3	0.836	0.8296	0.0291
Assets/_Project/AudioEffects/packs/kenney_impact-sounds/footstep_grass_001.mp3	0.758	0.8130	0.0323
Assets/_Project/AudioEffects/packs/kenney_impact-sounds/footstep_grass_002.mp3	0.784	0.8408	0.0298
Assets/_Project/AudioEffects/packs/kenney_impact-sounds/footstep_grass_003.mp3	0.758	0.8566	0.0302
Assets/_Project/AudioEffects/packs/kenney_impact-sounds/footstep_grass_004.mp3	0.653	0.8124	0.0330
Assets/_Project/AudioEffects/packs/kenney_impact-sounds/footstep_snow_000.mp3	0.444	0.8387	0.0661
Assets/_Project/AudioEffects/packs/kenney_impact-sounds/footstep_snow_001.mp3	0.444	0.8311	0.0999
Assets/_Project/AudioEffects/packs/kenney_impact-sounds/footstep_snow_002.mp3	0.444	0.8572	0.0998
Assets/_Project/AudioEffects/packs/kenney_impact-sounds/footstep_snow_003.mp3	0.444	0.8560	0.0607
Assets/_Project/AudioEffects/packs/kenney_impact-sounds/footstep_snow_004.mp3	0.444	0.8159	0.0690
Assets/_Project/AudioEffects/packs/kenney_impact-sounds/footstep_wood_000.mp3	0.340	0.8505	0.0743
Assets/_Project/AudioEffects/packs/kenney_impact-sounds/footstep_wood_001.mp3	0.340	0.8423	0.0808
Assets/_Project/AudioEffects/packs/kenney_impact-sounds/footstep_wood_002.mp3	0.340	0.8593	0.0872
Assets/_Project/AudioEffects/packs/kenney_impact-sounds/footstep_wood_003.mp3	0.340	0.8431	0.0685
Assets/_Project/AudioEffects/packs/kenney_impact-sounds/footstep_wood_004.mp3	0.313	0.8488	0.0887
Assets/_Project/AudioEffects/packs/kenney_impact-sounds/impactBell_heavy_000.mp3	1.541	0.8401	0.0451
Assets/_Project/AudioEffects/packs/kenney_impact-sounds/impactBell_heavy_001.mp3	1.829	0.8410	0.0550
Assets/_Project/AudioEffects/packs/kenney_impact-sounds/impactBell_heavy_002.mp3	0.758	0.8471	0.0586
Assets/_Project/AudioEffects/packs/kenney_impact-sounds/impactBell_heavy_003.mp3	0.731	0.8070	0.0530
Assets/_Project/AudioEffects/packs/kenney_impact-sounds/impactBell_heavy_004.mp3	0.392	0.8245	0.0642
Assets/_Project/AudioEffects/packs/kenney_impact-sounds/impactGeneric_light_000.mp3	0.235	0.8199	0.0704
Assets/_Project/AudioEffects/packs/kenney_impact-sounds/impactGeneric_light_001.mp3	0.183	0.8423	0.0746
Assets/_Project/AudioEffects/packs/kenney_impact-sounds/impactGeneric_light_002.mp3	0.235	0.8410	0.0695
Assets/_Project/AudioEffects/packs/kenney_impact-sounds/impactGeneric_light_003.mp3	0.209	0.8234	0.0707
Assets/_Project/AudioEffects/packs/kenney_impact-sounds/impactGeneric_light_004.mp3	0.209	0.8376	0.0730
Assets/_Project/AudioEffects/packs/kenney_impact-sounds/impactGlass_heavy_000.mp3	0.313	0.8283	0.0625
Assets/_Project/AudioEffects/packs/kenney_impact-sounds/impactGlass_heavy_001.mp3	0.496	0.8289	0.0481
Assets/_Project/AudioEffects/packs/kenney_impact-sounds/impactGlass_heavy_002.mp3	0.313	0.8236	0.0581
Assets/_Project/AudioEffects/packs/kenney_impact-sounds/impactGlass_heavy_003.mp3	0.235	0.8507	0.0850
Assets/_Project/AudioEffects/packs/kenney_impact-sounds/impactGlass_heavy_004.mp3	0.470	0.8257	0.0546
Assets/_Project/AudioEffects/packs/kenney_impact-sounds/impactGlass_light_000.mp3	0.287	0.7625	0.0686
Assets/_Project/AudioEffects/packs/kenney_impact-sounds/impactGlass_light_001.mp3	0.287	0.8310	0.0688
Assets/_Project/AudioEffects/packs/kenney_impact-sounds/impactGlass_light_002.mp3	0.287	0.7702	0.0808
Assets/_Project/AudioEffects/packs/kenney_impact-sounds/impactGlass_light_003.mp3	0.287	0.8110	0.0701
Assets/_Project/AudioEffects/packs/kenney_impact-sounds/impactGlass_light_004.mp3	0.287	0.8563	0.0760
Assets/_Project/AudioEffects/packs/kenney_impact-sounds/impactGlass_medium_000.mp3	0.627	0.8442	0.0473
Assets/_Project/AudioEffects/packs/kenney_impact-sounds/impactGlass_medium_001.mp3	0.627	0.8743	0.0482
Assets/_Project/AudioEffects/packs/kenney_impact-sounds/impactGlass_medium_002.mp3	0.627	0.8320	0.0462
Assets/_Project/AudioEffects/packs/kenney_impact-sounds/impactGlass_medium_003.mp3	0.627	0.8072	0.0462
Assets/_Project/AudioEffects/packs/kenney_impact-sounds/impactGlass_medium_004.mp3	0.627	0.8136	0.0524
Assets/_Project/AudioEffects/packs/kenney_impact-sounds/impactMetal_heavy_000.mp3	0.261	0.8382	0.0719
Assets/_Project/AudioEffects/packs/kenney_impact-sounds/impactMetal_heavy_001.mp3	0.444	0.8463	0.0566
Assets/_Project/AudioEffects/packs/kenney_impact-sounds/impactMetal_heavy_002.mp3	0.183	0.8215	0.0881
Assets/_Project/AudioEffects/packs/kenney_impact-sounds/impactMetal_heavy_003.mp3	0.287	0.8537	0.0698
Assets/_Project/AudioEffects/packs/kenney_impact-sounds/impactMetal_heavy_004.mp3	0.209	0.8241	0.0809
Assets/_Project/AudioEffects/packs/kenney_impact-sounds/impactMetal_light_000.mp3	0.444	0.8290	0.0764
Assets/_Project/AudioEffects/packs/kenney_impact-sounds/impactMetal_light_001.mp3	0.313	0.8067	0.0841
Assets/_Project/AudioEffects/packs/kenney_impact-sounds/impactMetal_light_002.mp3	0.313	0.8194	0.0759
Assets/_Project/AudioEffects/packs/kenney_impact-sounds/impactMetal_light_003.mp3	0.549	0.7727	0.0809
Assets/_Project/AudioEffects/packs/kenney_impact-sounds/impactMetal_light_004.mp3	0.287	0.8557	0.0759
Assets/_Project/AudioEffects/packs/kenney_impact-sounds/impactMetal_medium_000.mp3	0.340	0.7943	0.0704
Assets/_Project/AudioEffects/packs/kenney_impact-sounds/impactMetal_medium_001.mp3	0.235	0.8172	0.0758
Assets/_Project/AudioEffects/packs/kenney_impact-sounds/impactMetal_medium_002.mp3	0.209	0.8045	0.0619
Assets/_Project/AudioEffects/packs/kenney_impact-sounds/impactMetal_medium_003.mp3	0.313	0.7686	0.0690
Assets/_Project/AudioEffects/packs/kenney_impact-sounds/impactMetal_medium_004.mp3	0.183	0.7803	0.0674
Assets/_Project/AudioEffects/packs/kenney_impact-sounds/impactMining_000.mp3	1.019	0.8179	0.0854
Assets/_Project/AudioEffects/packs/kenney_impact-sounds/impactMining_001.mp3	0.967	0.8502	0.0801
Assets/_Project/AudioEffects/packs/kenney_impact-sounds/impactMining_002.mp3	0.862	0.8187	0.0661
Assets/_Project/AudioEffects/packs/kenney_impact-sounds/impactMining_003.mp3	1.071	0.8635	0.0620
Assets/_Project/AudioEffects/packs/kenney_impact-sounds/impactMining_004.mp3	0.914	0.8522	0.0934
Assets/_Project/AudioEffects/packs/kenney_impact-sounds/impactPlank_medium_000.mp3	0.862	0.8284	0.0579
Assets/_Project/AudioEffects/packs/kenney_impact-sounds/impactPlank_medium_001.mp3	0.836	0.8512	0.0851
Assets/_Project/AudioEffects/packs/kenney_impact-sounds/impactPlank_medium_002.mp3	0.862	0.8539	0.0800
Assets/_Project/AudioEffects/packs/kenney_impact-sounds/impactPlank_medium_003.mp3	0.836	0.8623	0.0765
Assets/_Project/AudioEffects/packs/kenney_impact-sounds/impactPlank_medium_004.mp3	0.836	0.8065	0.0501
Assets/_Project/AudioEffects/packs/kenney_impact-sounds/impactPlate_heavy_000.mp3	0.575	0.8446	0.0648
Assets/_Project/AudioEffects/packs/kenney_impact-sounds/impactPlate_heavy_001.mp3	0.418	0.8510	0.1171
Assets/_Project/AudioEffects/packs/kenney_impact-sounds/impactPlate_heavy_002.mp3	0.575	0.8050	0.0713
Assets/_Project/AudioEffects/packs/kenney_impact-sounds/impactPlate_heavy_003.mp3	0.418	0.8065	0.1109
Assets/_Project/AudioEffects/packs/kenney_impact-sounds/impactPlate_heavy_004.mp3	0.627	0.8358	0.0734
Assets/_Project/AudioEffects/packs/kenney_impact-sounds/impactPlate_light_000.mp3	0.627	0.8230	0.0466
Assets/_Project/AudioEffects/packs/kenney_impact-sounds/impactPlate_light_001.mp3	0.731	0.7792	0.0376
Assets/_Project/AudioEffects/packs/kenney_impact-sounds/impactPlate_light_002.mp3	0.575	0.7775	0.0470
Assets/_Project/AudioEffects/packs/kenney_impact-sounds/impactPlate_light_003.mp3	0.627	0.8098	0.0517
Assets/_Project/AudioEffects/packs/kenney_impact-sounds/impactPlate_light_004.mp3	0.731	0.8235	0.0432
Assets/_Project/AudioEffects/packs/kenney_impact-sounds/impactPlate_medium_000.mp3	0.679	0.8059	0.0469
Assets/_Project/AudioEffects/packs/kenney_impact-sounds/impactPlate_medium_001.mp3	0.679	0.8352	0.0542
Assets/_Project/AudioEffects/packs/kenney_impact-sounds/impactPlate_medium_002.mp3	0.601	0.8133	0.0538
Assets/_Project/AudioEffects/packs/kenney_impact-sounds/impactPlate_medium_003.mp3	0.731	0.8473	0.0690
Assets/_Project/AudioEffects/packs/kenney_impact-sounds/impactPlate_medium_004.mp3	0.627	0.8834	0.0721
Assets/_Project/AudioEffects/packs/kenney_impact-sounds/impactPunch_heavy_000.mp3	0.731	0.8450	0.1120
Assets/_Project/AudioEffects/packs/kenney_impact-sounds/impactPunch_heavy_001.mp3	0.601	0.8381	0.1197
Assets/_Project/AudioEffects/packs/kenney_impact-sounds/impactPunch_heavy_002.mp3	0.549	0.8507	0.1285
Assets/_Project/AudioEffects/packs/kenney_impact-sounds/impactPunch_heavy_003.mp3	0.549	0.8642	0.1227
Assets/_Project/AudioEffects/packs/kenney_impact-sounds/impactPunch_heavy_004.mp3	0.601	0.8422	0.1202
Assets/_Project/AudioEffects/packs/kenney_impact-sounds/impactPunch_medium_000.mp3	0.522	0.8301	0.1189
Assets/_Project/AudioEffects/packs/kenney_impact-sounds/impactPunch_medium_001.mp3	0.470	0.8482	0.1261
Assets/_Project/AudioEffects/packs/kenney_impact-sounds/impactPunch_medium_002.mp3	0.627	0.8679	0.1022
Assets/_Project/AudioEffects/packs/kenney_impact-sounds/impactPunch_medium_003.mp3	0.522	0.8456	0.1088
Assets/_Project/AudioEffects/packs/kenney_impact-sounds/impactPunch_medium_004.mp3	0.627	0.8450	0.1041
Assets/_Project/AudioEffects/packs/kenney_impact-sounds/impactSoft_heavy_000.mp3	0.601	0.8522	0.1203
Assets/_Project/AudioEffects/packs/kenney_impact-sounds/impactSoft_heavy_001.mp3	0.627	0.8535	0.1224
Assets/_Project/AudioEffects/packs/kenney_impact-sounds/impactSoft_heavy_002.mp3	0.627	0.8616	0.1262
Assets/_Project/AudioEffects/packs/kenney_impact-sounds/impactSoft_heavy_003.mp3	0.627	0.8556	0.1321
Assets/_Project/AudioEffects/packs/kenney_impact-sounds/impactSoft_heavy_004.mp3	0.575	0.8474	0.1283
Assets/_Project/AudioEffects/packs/kenney_impact-sounds/impactSoft_medium_000.mp3	0.209	0.8641	0.1382
Assets/_Project/AudioEffects/packs/kenney_impact-sounds/impactSoft_medium_001.mp3	0.261	0.8640	0.1441
Assets/_Project/AudioEffects/packs/kenney_impact-sounds/impactSoft_medium_002.mp3	0.209	0.8499	0.1483
Assets/_Project/AudioEffects/packs/kenney_impact-sounds/impactSoft_medium_003.mp3	0.209	0.8623	0.1508
Assets/_Project/AudioEffects/packs/kenney_impact-sounds/impactSoft_medium_004.mp3	0.209	0.8614	0.1505
Assets/_Project/AudioEffects/packs/kenney_impact-sounds/impactTin_medium_000.mp3	0.235	0.8479	0.0705
Assets/_Project/AudioEffects/packs/kenney_impact-sounds/impactTin_medium_001.mp3	0.261	0.8166	0.0573
Assets/_Project/AudioEffects/packs/kenney_impact-sounds/impactTin_medium_002.mp3	0.209	0.8173	0.0629
Assets/_Project/AudioEffects/packs/kenney_impact-sounds/impactTin_medium_003.mp3	0.287	0.8270	0.0561
Assets/_Project/AudioEffects/packs/kenney_impact-sounds/impactTin_medium_004.mp3	0.261	0.7984	0.0579
Assets/_Project/AudioEffects/packs/kenney_impact-sounds/impactWood_heavy_000.mp3	0.392	0.8494	0.0887
Assets/_Project/AudioEffects/packs/kenney_impact-sounds/impactWood_heavy_001.mp3	0.392	0.8545	0.0878
Assets/_Project/AudioEffects/packs/kenney_impact-sounds/impactWood_heavy_002.mp3	0.392	0.8546	0.0958
Assets/_Project/AudioEffects/packs/kenney_impact-sounds/impactWood_heavy_003.mp3	0.392	0.8487	0.0810
Assets/_Project/AudioEffects/packs/kenney_impact-sounds/impactWood_heavy_004.mp3	0.392	0.8547	0.0838
Assets/_Project/AudioEffects/packs/kenney_impact-sounds/impactWood_light_000.mp3	0.340	0.8050	0.0639
Assets/_Project/AudioEffects/packs/kenney_impact-sounds/impactWood_light_001.mp3	0.340	0.8419	0.0520
Assets/_Project/AudioEffects/packs/kenney_impact-sounds/impactWood_light_002.mp3	0.340	0.8453	0.0666
Assets/_Project/AudioEffects/packs/kenney_impact-sounds/impactWood_light_003.mp3	0.340	0.8639	0.0549
Assets/_Project/AudioEffects/packs/kenney_impact-sounds/impactWood_light_004.mp3	0.340	0.8055	0.0479
Assets/_Project/AudioEffects/packs/kenney_impact-sounds/impactWood_medium_000.mp3	0.418	0.8363	0.0631
Assets/_Project/AudioEffects/packs/kenney_impact-sounds/impactWood_medium_001.mp3	0.418	0.8493	0.0636
Assets/_Project/AudioEffects/packs/kenney_impact-sounds/impactWood_medium_002.mp3	0.418	0.8356	0.0627
Assets/_Project/AudioEffects/packs/kenney_impact-sounds/impactWood_medium_003.mp3	0.418	0.8435	0.0618
Assets/_Project/AudioEffects/packs/kenney_impact-sounds/impactWood_medium_004.mp3	0.418	0.8338	0.0661
Assets/_Project/AudioEffects/packs/kenney_interface-sounds/back_001.mp3	0.131	0.5825	0.0383
Assets/_Project/AudioEffects/packs/kenney_interface-sounds/back_002.mp3	0.157	0.6071	0.0719
Assets/_Project/AudioEffects/packs/kenney_interface-sounds/back_003.mp3	0.157	0.6427	0.0517
Assets/_Project/AudioEffects/packs/kenney_interface-sounds/back_004.mp3	0.157	0.6005	0.0667
Assets/_Project/AudioEffects/packs/kenney_interface-sounds/bong_001.mp3	0.209	0.6104	0.0794
Assets/_Project/AudioEffects/packs/kenney_interface-sounds/click_001.mp3	0.183	0.5434	0.0231
Assets/_Project/AudioEffects/packs/kenney_interface-sounds/click_002.mp3	0.078	0.6048	0.0384
Assets/_Project/AudioEffects/packs/kenney_interface-sounds/click_003.mp3	0.078	0.5524	0.0352
Assets/_Project/AudioEffects/packs/kenney_interface-sounds/click_004.mp3	0.078	0.5922	0.0381
Assets/_Project/AudioEffects/packs/kenney_interface-sounds/click_005.mp3	0.078	0.5883	0.0538
Assets/_Project/AudioEffects/packs/kenney_interface-sounds/close_001.mp3	0.209	0.5266	0.0900
Assets/_Project/AudioEffects/packs/kenney_interface-sounds/close_002.mp3	0.392	0.4091	0.0835
Assets/_Project/AudioEffects/packs/kenney_interface-sounds/close_003.mp3	0.392	0.5759	0.0923
Assets/_Project/AudioEffects/packs/kenney_interface-sounds/close_004.mp3	0.392	0.5130	0.0654
Assets/_Project/AudioEffects/packs/kenney_interface-sounds/confirmation_001.mp3	0.366	0.6066	0.1636
Assets/_Project/AudioEffects/packs/kenney_interface-sounds/confirmation_002.mp3	0.627	0.5797	0.1105
Assets/_Project/AudioEffects/packs/kenney_interface-sounds/confirmation_003.mp3	0.392	0.6574	0.1058
Assets/_Project/AudioEffects/packs/kenney_interface-sounds/confirmation_004.mp3	0.575	0.6033	0.1603
Assets/_Project/AudioEffects/packs/kenney_interface-sounds/drop_001.mp3	0.209	0.8722	0.0658
Assets/_Project/AudioEffects/packs/kenney_interface-sounds/drop_002.mp3	0.261	0.8817	0.0825
Assets/_Project/AudioEffects/packs/kenney_interface-sounds/drop_003.mp3	0.261	0.8453	0.0846
Assets/_Project/AudioEffects/packs/kenney_interface-sounds/drop_004.mp3	0.366	0.8594	0.0755
Assets/_Project/AudioEffects/packs/kenney_interface-sounds/error_001.mp3	0.235	0.8201	0.0846
Assets/_Project/AudioEffects/packs/kenney_interface-sounds/error_002.mp3	0.235	0.8926	0.0986
Assets/_Project/AudioEffects/packs/kenney_interface-sounds/error_003.mp3	0.627	0.9307	0.0843
Assets/_Project/AudioEffects/packs/kenney_interface-sounds/error_004.mp3	0.157	0.8049	0.1173
Assets/_Project/AudioEffects/packs/kenney_interface-sounds/error_005.mp3	0.575	0.6013	0.0728
Assets/_Project/AudioEffects/packs/kenney_interface-sounds/error_006.mp3	0.575	0.6014	0.0792
Assets/_Project/AudioEffects/packs/kenney_interface-sounds/error_007.mp3	0.261	0.6542	0.1277
Assets/_Project/AudioEffects/packs/kenney_interface-sounds/error_008.mp3	0.209	0.6025	0.0516
Assets/_Project/AudioEffects/packs/kenney_interface-sounds/glass_001.mp3	0.366	0.5569	0.0569
Assets/_Project/AudioEffects/packs/kenney_interface-sounds/glass_002.mp3	0.183	0.5791	0.0604
Assets/_Project/AudioEffects/packs/kenney_interface-sounds/glass_003.mp3	0.183	0.6060	0.0822
Assets/_Project/AudioEffects/packs/kenney_interface-sounds/glass_004.mp3	0.784	0.5944	0.0795
Assets/_Project/AudioEffects/packs/kenney_interface-sounds/glass_005.mp3	0.209	0.5500	0.0483
Assets/_Project/AudioEffects/packs/kenney_interface-sounds/glass_006.mp3	0.209	0.6005	0.0565
Assets/_Project/AudioEffects/packs/kenney_interface-sounds/glitch_001.mp3	0.078	0.8457	0.1510
Assets/_Project/AudioEffects/packs/kenney_interface-sounds/glitch_002.mp3	0.104	0.8501	0.1017
Assets/_Project/AudioEffects/packs/kenney_interface-sounds/glitch_003.mp3	0.078	0.7784	0.0859
Assets/_Project/AudioEffects/packs/kenney_interface-sounds/glitch_004.mp3	0.104	0.8532	0.0683
Assets/_Project/AudioEffects/packs/kenney_interface-sounds/maximize_001.mp3	0.313	0.5769	0.1322
Assets/_Project/AudioEffects/packs/kenney_interface-sounds/maximize_002.mp3	0.313	0.6337	0.1803
Assets/_Project/AudioEffects/packs/kenney_interface-sounds/maximize_003.mp3	0.287	0.5678	0.0528
Assets/_Project/AudioEffects/packs/kenney_interface-sounds/maximize_004.mp3	0.496	0.5855	0.1025
Assets/_Project/AudioEffects/packs/kenney_interface-sounds/maximize_005.mp3	0.601	0.6933	0.0862
Assets/_Project/AudioEffects/packs/kenney_interface-sounds/maximize_006.mp3	0.444	0.6055	0.1213
Assets/_Project/AudioEffects/packs/kenney_interface-sounds/maximize_007.mp3	0.261	0.5988	0.1137
Assets/_Project/AudioEffects/packs/kenney_interface-sounds/maximize_008.mp3	0.313	0.6083	0.1323
Assets/_Project/AudioEffects/packs/kenney_interface-sounds/maximize_009.mp3	0.287	0.6084	0.1747
Assets/_Project/AudioEffects/packs/kenney_interface-sounds/minimize_001.mp3	0.340	0.5782	0.1242
Assets/_Project/AudioEffects/packs/kenney_interface-sounds/minimize_002.mp3	0.313	0.6985	0.1793
Assets/_Project/AudioEffects/packs/kenney_interface-sounds/minimize_003.mp3	0.287	0.5383	0.0532
Assets/_Project/AudioEffects/packs/kenney_interface-sounds/minimize_004.mp3	0.496	0.5963	0.1044
Assets/_Project/AudioEffects/packs/kenney_interface-sounds/minimize_005.mp3	0.601	0.6924	0.0866
Assets/_Project/AudioEffects/packs/kenney_interface-sounds/minimize_006.mp3	0.444	0.6120	0.1215
Assets/_Project/AudioEffects/packs/kenney_interface-sounds/minimize_007.mp3	0.261	0.6076	0.1153
Assets/_Project/AudioEffects/packs/kenney_interface-sounds/minimize_008.mp3	0.313	0.6050	0.1322
Assets/_Project/AudioEffects/packs/kenney_interface-sounds/minimize_009.mp3	0.313	0.6194	0.1681
Assets/_Project/AudioEffects/packs/kenney_interface-sounds/open_001.mp3	0.209	0.4890	0.0880
Assets/_Project/AudioEffects/packs/kenney_interface-sounds/open_002.mp3	0.392	0.4166	0.0820
Assets/_Project/AudioEffects/packs/kenney_interface-sounds/open_003.mp3	0.392	0.5447	0.0921
Assets/_Project/AudioEffects/packs/kenney_interface-sounds/open_004.mp3	0.392	0.4910	0.0658
Assets/_Project/AudioEffects/packs/kenney_interface-sounds/pluck_001.mp3	0.183	0.7769	0.0638
Assets/_Project/AudioEffects/packs/kenney_interface-sounds/pluck_002.mp3	0.235	0.8143	0.0617
Assets/_Project/AudioEffects/packs/kenney_interface-sounds/question_001.mp3	0.575	0.6034	0.1605
Assets/_Project/AudioEffects/packs/kenney_interface-sounds/question_002.mp3	0.392	0.6082	0.1960
Assets/_Project/AudioEffects/packs/kenney_interface-sounds/question_003.mp3	0.418	0.5995	0.1889
Assets/_Project/AudioEffects/packs/kenney_interface-sounds/question_004.mp3	0.392	0.6018	0.1960
Assets/_Project/AudioEffects/packs/kenney_interface-sounds/scratch_001.mp3	0.235	0.6122	0.1182
Assets/_Project/AudioEffects/packs/kenney_interface-sounds/scratch_002.mp3	0.235	0.5748	0.1295
Assets/_Project/AudioEffects/packs/kenney_interface-sounds/scratch_003.mp3	0.183	0.4446	0.0529
Assets/_Project/AudioEffects/packs/kenney_interface-sounds/scratch_004.mp3	0.418	0.5652	0.0540
Assets/_Project/AudioEffects/packs/kenney_interface-sounds/scratch_005.mp3	0.418	0.6152	0.0987
Assets/_Project/AudioEffects/packs/kenney_interface-sounds/scroll_001.mp3	1.097	0.7938	0.0477
Assets/_Project/AudioEffects/packs/kenney_interface-sounds/scroll_002.mp3	1.071	0.6165	0.0514
Assets/_Project/AudioEffects/packs/kenney_interface-sounds/scroll_003.mp3	1.071	0.6056	0.0507
Assets/_Project/AudioEffects/packs/kenney_interface-sounds/scroll_004.mp3	1.071	0.6340	0.0619
Assets/_Project/AudioEffects/packs/kenney_interface-sounds/scroll_005.mp3	1.097	0.6463	0.0779
Assets/_Project/AudioEffects/packs/kenney_interface-sounds/select_001.mp3	0.131	0.7911	0.0689
Assets/_Project/AudioEffects/packs/kenney_interface-sounds/select_002.mp3	0.131	0.8217	0.0847
Assets/_Project/AudioEffects/packs/kenney_interface-sounds/select_003.mp3	0.444	0.6170	0.0695
Assets/_Project/AudioEffects/packs/kenney_interface-sounds/select_004.mp3	0.444	0.6122	0.0648
Assets/_Project/AudioEffects/packs/kenney_interface-sounds/select_005.mp3	0.444	0.5478	0.0693
Assets/_Project/AudioEffects/packs/kenney_interface-sounds/select_006.mp3	2.011	0.6166	0.0496
Assets/_Project/AudioEffects/packs/kenney_interface-sounds/select_007.mp3	0.131	0.7282	0.0815
Assets/_Project/AudioEffects/packs/kenney_interface-sounds/select_008.mp3	0.131	0.4949	0.0400
Assets/_Project/AudioEffects/packs/kenney_interface-sounds/switch_001.mp3	0.679	0.8234	0.0379
Assets/_Project/AudioEffects/packs/kenney_interface-sounds/switch_002.mp3	0.679	0.8288	0.0503
Assets/_Project/AudioEffects/packs/kenney_interface-sounds/switch_003.mp3	0.575	0.8481	0.1528
Assets/_Project/AudioEffects/packs/kenney_interface-sounds/switch_004.mp3	0.575	0.8489	0.0561
Assets/_Project/AudioEffects/packs/kenney_interface-sounds/switch_005.mp3	0.679	0.8661	0.0669
Assets/_Project/AudioEffects/packs/kenney_interface-sounds/switch_006.mp3	0.679	0.8351	0.0529
Assets/_Project/AudioEffects/packs/kenney_interface-sounds/switch_007.mp3	0.679	0.8519	0.0503
Assets/_Project/AudioEffects/packs/kenney_interface-sounds/tick_001.mp3	0.104	0.4805	0.0299
Assets/_Project/AudioEffects/packs/kenney_interface-sounds/tick_002.mp3	0.078	0.4425	0.0421
Assets/_Project/AudioEffects/packs/kenney_interface-sounds/tick_004.mp3	0.131	0.6062	0.0699
Assets/_Project/AudioEffects/packs/kenney_interface-sounds/toggle_001.mp3	0.235	0.6129	0.1016
Assets/_Project/AudioEffects/packs/kenney_interface-sounds/toggle_002.mp3	0.209	0.6227	0.1356
Assets/_Project/AudioEffects/packs/kenney_interface-sounds/toggle_003.mp3	0.235	0.5888	0.0946
Assets/_Project/AudioEffects/packs/kenney_interface-sounds/toggle_004.mp3	0.131	0.6012	0.0698
Assets/_Project/AudioEffects/packs/kenney_rpg-audio/beltHandle1.mp3	0.340	0.5736	0.0306
Assets/_Project/AudioEffects/packs/kenney_rpg-audio/beltHandle2.mp3	0.549	0.4600	0.0205
Assets/_Project/AudioEffects/packs/kenney_rpg-audio/bookClose.mp3	0.313	1.0000	0.0949
Assets/_Project/AudioEffects/packs/kenney_rpg-audio/bookFlip1.mp3	0.836	1.0000	0.0284
Assets/_Project/AudioEffects/packs/kenney_rpg-audio/bookFlip2.mp3	0.522	0.3369	0.0120
Assets/_Project/AudioEffects/packs/kenney_rpg-audio/bookFlip3.mp3	0.313	0.4747	0.0194
Assets/_Project/AudioEffects/packs/kenney_rpg-audio/bookOpen.mp3	0.235	0.2232	0.0159
Assets/_Project/AudioEffects/packs/kenney_rpg-audio/bookPlace1.mp3	0.366	1.0000	0.1027
Assets/_Project/AudioEffects/packs/kenney_rpg-audio/bookPlace2.mp3	0.418	1.0000	0.1055
Assets/_Project/AudioEffects/packs/kenney_rpg-audio/bookPlace3.mp3	0.340	1.0000	0.1106
Assets/_Project/AudioEffects/packs/kenney_rpg-audio/chop.mp3	0.313	1.0000	0.0966
Assets/_Project/AudioEffects/packs/kenney_rpg-audio/cloth1.mp3	0.731	0.6197	0.0535
Assets/_Project/AudioEffects/packs/kenney_rpg-audio/cloth2.mp3	0.496	0.3684	0.0316
Assets/_Project/AudioEffects/packs/kenney_rpg-audio/cloth3.mp3	0.549	0.2861	0.0302
Assets/_Project/AudioEffects/packs/kenney_rpg-audio/cloth4.mp3	0.444	0.1716	0.0163
Assets/_Project/AudioEffects/packs/kenney_rpg-audio/clothBelt.mp3	0.810	0.5320	0.0237
Assets/_Project/AudioEffects/packs/kenney_rpg-audio/clothBelt2.mp3	0.810	0.4138	0.0241
Assets/_Project/AudioEffects/packs/kenney_rpg-audio/creak1.mp3	0.758	0.4343	0.0453
Assets/_Project/AudioEffects/packs/kenney_rpg-audio/creak2.mp3	0.914	0.4250	0.0458
Assets/_Project/AudioEffects/packs/kenney_rpg-audio/creak3.mp3	0.418	0.3962	0.0706
Assets/_Project/AudioEffects/packs/kenney_rpg-audio/doorClose_1.mp3	0.758	1.0000	0.1186
Assets/_Project/AudioEffects/packs/kenney_rpg-audio/doorClose_2.mp3	0.705	0.7614	0.1004
Assets/_Project/AudioEffects/packs/kenney_rpg-audio/doorClose_3.mp3	0.784	1.0000	0.1979
Assets/_Project/AudioEffects/packs/kenney_rpg-audio/doorClose_4.mp3	0.679	0.9793	0.1106
Assets/_Project/AudioEffects/packs/kenney_rpg-audio/doorOpen_1.mp3	0.993	1.0000	0.0888
Assets/_Project/AudioEffects/packs/kenney_rpg-audio/doorOpen_2.mp3	1.489	1.0000	0.0675
Assets/_Project/AudioEffects/packs/kenney_rpg-audio/drawKnife1.mp3	0.496	0.0520	0.0049
Assets/_Project/AudioEffects/packs/kenney_rpg-audio/drawKnife2.mp3	0.522	0.0694	0.0074
Assets/_Project/AudioEffects/packs/kenney_rpg-audio/drawKnife3.mp3	0.549	0.2446	0.0103
Assets/_Project/AudioEffects/packs/kenney_rpg-audio/dropLeather.mp3	0.496	0.9237	0.1002
Assets/_Project/AudioEffects/packs/kenney_rpg-audio/footstep00.mp3	0.313	1.0000	0.0870
Assets/_Project/AudioEffects/packs/kenney_rpg-audio/footstep01.mp3	0.340	0.9950	0.1041
Assets/_Project/AudioEffects/packs/kenney_rpg-audio/footstep02.mp3	0.313	0.7818	0.0646
Assets/_Project/AudioEffects/packs/kenney_rpg-audio/footstep03.mp3	0.366	1.0000	0.0805
Assets/_Project/AudioEffects/packs/kenney_rpg-audio/footstep04.mp3	0.392	0.6447	0.0479
Assets/_Project/AudioEffects/packs/kenney_rpg-audio/footstep05.mp3	0.340	0.6660	0.0418
Assets/_Project/AudioEffects/packs/kenney_rpg-audio/footstep06.mp3	0.313	0.8889	0.0654
Assets/_Project/AudioEffects/packs/kenney_rpg-audio/footstep07.mp3	0.340	0.9907	0.0686
Assets/_Project/AudioEffects/packs/kenney_rpg-audio/footstep08.mp3	0.340	1.0000	0.1152
Assets/_Project/AudioEffects/packs/kenney_rpg-audio/footstep09.mp3	0.287	0.4776	0.0545
Assets/_Project/AudioEffects/packs/kenney_rpg-audio/handleCoins.mp3	0.914	0.9124	0.0314
Assets/_Project/AudioEffects/packs/kenney_rpg-audio/handleCoins2.mp3	0.418	0.2364	0.0163
Assets/_Project/AudioEffects/packs/kenney_rpg-audio/handleSmallLeather.mp3	0.418	0.2310	0.0140
Assets/_Project/AudioEffects/packs/kenney_rpg-audio/handleSmallLeather2.mp3	0.366	0.1255	0.0086
Assets/_Project/AudioEffects/packs/kenney_rpg-audio/knifeSlice.mp3	0.679	0.6313	0.0742
Assets/_Project/AudioEffects/packs/kenney_rpg-audio/knifeSlice2.mp3	0.653	0.9791	0.0955
Assets/_Project/AudioEffects/packs/kenney_rpg-audio/metalClick.mp3	0.522	0.3788	0.0164
Assets/_Project/AudioEffects/packs/kenney_rpg-audio/metalLatch.mp3	0.340	1.0000	0.0731
Assets/_Project/AudioEffects/packs/kenney_rpg-audio/metalPot1.mp3	1.541	1.0000	0.1466
Assets/_Project/AudioEffects/packs/kenney_rpg-audio/metalPot2.mp3	1.019	1.0000	0.1844
Assets/_Project/AudioEffects/packs/kenney_rpg-audio/metalPot3.mp3	0.967	1.0000	0.2363
Assets/_Project/AudioEffects/packs/kenney_sci-fi-sounds/computerNoise_000.mp3	5.068	0.5818	0.2770
Assets/_Project/AudioEffects/packs/kenney_sci-fi-sounds/computerNoise_001.mp3	5.068	0.5998	0.2400
Assets/_Project/AudioEffects/packs/kenney_sci-fi-sounds/computerNoise_002.mp3	5.068	0.5784	0.1791
Assets/_Project/AudioEffects/packs/kenney_sci-fi-sounds/computerNoise_003.mp3	5.068	0.5887	0.1827
Assets/_Project/AudioEffects/packs/kenney_sci-fi-sounds/doorClose_000.mp3	0.601	0.3893	0.0638
Assets/_Project/AudioEffects/packs/kenney_sci-fi-sounds/doorClose_001.mp3	0.601	0.7140	0.0998
Assets/_Project/AudioEffects/packs/kenney_sci-fi-sounds/doorClose_002.mp3	0.601	0.4369	0.0863
Assets/_Project/AudioEffects/packs/kenney_sci-fi-sounds/doorOpen_000.mp3	0.627	0.4216	0.0616
Assets/_Project/AudioEffects/packs/kenney_sci-fi-sounds/doorOpen_001.mp3	0.601	0.5972	0.0982
Assets/_Project/AudioEffects/packs/kenney_sci-fi-sounds/doorOpen_002.mp3	0.627	0.4345	0.0841
Assets/_Project/AudioEffects/packs/kenney_sci-fi-sounds/engineCircular_000.mp3	5.068	0.5861	0.1218
Assets/_Project/AudioEffects/packs/kenney_sci-fi-sounds/engineCircular_001.mp3	5.068	0.5935	0.1447
Assets/_Project/AudioEffects/packs/kenney_sci-fi-sounds/engineCircular_002.mp3	5.068	0.6073	0.1636
Assets/_Project/AudioEffects/packs/kenney_sci-fi-sounds/engineCircular_003.mp3	5.068	0.5506	0.1211
Assets/_Project/AudioEffects/packs/kenney_sci-fi-sounds/engineCircular_004.mp3	5.068	0.5719	0.1166
Assets/_Project/AudioEffects/packs/kenney_sci-fi-sounds/explosionCrunch_000.mp3	0.862	0.5977	0.1288
Assets/_Project/AudioEffects/packs/kenney_sci-fi-sounds/explosionCrunch_001.mp3	1.411	0.5824	0.1649
Assets/_Project/AudioEffects/packs/kenney_sci-fi-sounds/explosionCrunch_002.mp3	1.332	0.5693	0.0978
Assets/_Project/AudioEffects/packs/kenney_sci-fi-sounds/explosionCrunch_003.mp3	1.620	0.5876	0.1313
Assets/_Project/AudioEffects/packs/kenney_sci-fi-sounds/explosionCrunch_004.mp3	2.064	0.6012	0.1213
Assets/_Project/AudioEffects/packs/kenney_sci-fi-sounds/forceField_000.mp3	1.019	0.6154	0.1732
Assets/_Project/AudioEffects/packs/kenney_sci-fi-sounds/forceField_001.mp3	1.045	0.6152	0.1692
Assets/_Project/AudioEffects/packs/kenney_sci-fi-sounds/forceField_002.mp3	1.045	0.6113	0.1701
Assets/_Project/AudioEffects/packs/kenney_sci-fi-sounds/forceField_003.mp3	1.045	0.6118	0.1707
Assets/_Project/AudioEffects/packs/kenney_sci-fi-sounds/forceField_004.mp3	1.045	0.6066	0.1700
Assets/_Project/AudioEffects/packs/kenney_sci-fi-sounds/impactMetal_000.mp3	0.705	0.6184	0.0502
Assets/_Project/AudioEffects/packs/kenney_sci-fi-sounds/impactMetal_001.mp3	0.758	0.6111	0.0657
Assets/_Project/AudioEffects/packs/kenney_sci-fi-sounds/impactMetal_002.mp3	0.549	0.6116	0.0595
Assets/_Project/AudioEffects/packs/kenney_sci-fi-sounds/impactMetal_003.mp3	0.862	0.6078	0.0533
Assets/_Project/AudioEffects/packs/kenney_sci-fi-sounds/impactMetal_004.mp3	0.470	0.6282	0.0532
Assets/_Project/AudioEffects/packs/kenney_sci-fi-sounds/laserLarge_000.mp3	0.758	0.6367	0.0874
Assets/_Project/AudioEffects/packs/kenney_sci-fi-sounds/laserLarge_001.mp3	0.810	0.6255	0.0937
Assets/_Project/AudioEffects/packs/kenney_sci-fi-sounds/laserLarge_002.mp3	0.836	0.6696	0.0936
Assets/_Project/AudioEffects/packs/kenney_sci-fi-sounds/laserLarge_003.mp3	0.810	0.6136	0.0798
Assets/_Project/AudioEffects/packs/kenney_sci-fi-sounds/laserLarge_004.mp3	0.784	0.7025	0.0893
Assets/_Project/AudioEffects/packs/kenney_sci-fi-sounds/laserRetro_000.mp3	0.313	0.7387	0.2438
Assets/_Project/AudioEffects/packs/kenney_sci-fi-sounds/laserRetro_001.mp3	0.313	0.7299	0.2458
Assets/_Project/AudioEffects/packs/kenney_sci-fi-sounds/laserRetro_002.mp3	0.340	0.7251	0.1206
Assets/_Project/AudioEffects/packs/kenney_sci-fi-sounds/laserRetro_003.mp3	0.340	0.8263	0.2383
Assets/_Project/AudioEffects/packs/kenney_sci-fi-sounds/laserRetro_004.mp3	0.340	0.6858	0.1557
Assets/_Project/AudioEffects/packs/kenney_sci-fi-sounds/laserSmall_000.mp3	0.313	0.4524	0.0682
Assets/_Project/AudioEffects/packs/kenney_sci-fi-sounds/laserSmall_001.mp3	0.313	0.5309	0.0624
Assets/_Project/AudioEffects/packs/kenney_sci-fi-sounds/laserSmall_002.mp3	0.418	0.4756	0.0610
Assets/_Project/AudioEffects/packs/kenney_sci-fi-sounds/laserSmall_003.mp3	0.392	0.3801	0.0637
Assets/_Project/AudioEffects/packs/kenney_sci-fi-sounds/laserSmall_004.mp3	0.496	0.6730	0.1443
Assets/_Project/AudioEffects/packs/kenney_sci-fi-sounds/lowFrequency_explosion_000.mp3	2.064	0.8653	0.1179
Assets/_Project/AudioEffects/packs/kenney_sci-fi-sounds/lowFrequency_explosion_001.mp3	1.071	0.8584	0.1507
Assets/_Project/AudioEffects/packs/kenney_sci-fi-sounds/slime_000.mp3	0.575	0.5664	0.0284
Assets/_Project/AudioEffects/packs/kenney_sci-fi-sounds/slime_001.mp3	4.780	0.5623	0.0419
Assets/_Project/AudioEffects/packs/kenney_sci-fi-sounds/spaceEngine_000.mp3	5.068	0.8566	0.3118
Assets/_Project/AudioEffects/packs/kenney_sci-fi-sounds/spaceEngine_001.mp3	5.068	0.8495	0.3603
Assets/_Project/AudioEffects/packs/kenney_sci-fi-sounds/spaceEngine_002.mp3	5.068	0.8698	0.1936
Assets/_Project/AudioEffects/packs/kenney_sci-fi-sounds/spaceEngine_003.mp3	5.068	0.8612	0.2365
Assets/_Project/AudioEffects/packs/kenney_sci-fi-sounds/spaceEngineLarge_000.mp3	5.068	0.6444	0.3629
Assets/_Project/AudioEffects/packs/kenney_sci-fi-sounds/spaceEngineLarge_001.mp3	5.068	0.7489	0.3274
Assets/_Project/AudioEffects/packs/kenney_sci-fi-sounds/spaceEngineLarge_002.mp3	5.068	0.6922	0.2600
Assets/_Project/AudioEffects/packs/kenney_sci-fi-sounds/spaceEngineLarge_003.mp3	5.068	0.7169	0.3003
Assets/_Project/AudioEffects/packs/kenney_sci-fi-sounds/spaceEngineLarge_004.mp3	5.068	0.6720	0.2470
Assets/_Project/AudioEffects/packs/kenney_sci-fi-sounds/spaceEngineLow_000.mp3	5.068	0.6138	0.2761
Assets/_Project/AudioEffects/packs/kenney_sci-fi-sounds/spaceEngineLow_001.mp3	5.068	0.5995	0.2769
Assets/_Project/AudioEffects/packs/kenney_sci-fi-sounds/spaceEngineLow_002.mp3	5.068	0.6057	0.2611
Assets/_Project/AudioEffects/packs/kenney_sci-fi-sounds/spaceEngineLow_003.mp3	5.068	0.6158	0.2854
Assets/_Project/AudioEffects/packs/kenney_sci-fi-sounds/spaceEngineLow_004.mp3	5.068	0.6224	0.2747
Assets/_Project/AudioEffects/packs/kenney_sci-fi-sounds/spaceEngineSmall_000.mp3	5.068	0.6143	0.2061
Assets/_Project/AudioEffects/packs/kenney_sci-fi-sounds/spaceEngineSmall_001.mp3	5.068	0.5725	0.0888
Assets/_Project/AudioEffects/packs/kenney_sci-fi-sounds/spaceEngineSmall_002.mp3	5.068	0.5663	0.1279
Assets/_Project/AudioEffects/packs/kenney_sci-fi-sounds/spaceEngineSmall_003.mp3	5.094	0.5916	0.1012
Assets/_Project/AudioEffects/packs/kenney_sci-fi-sounds/spaceEngineSmall_004.mp3	5.068	0.5854	0.1352
Assets/_Project/AudioEffects/packs/kenney_sci-fi-sounds/thrusterFire_000.mp3	5.068	0.5979	0.0758
Assets/_Project/AudioEffects/packs/kenney_sci-fi-sounds/thrusterFire_001.mp3	5.068	0.5950	0.0887
Assets/_Project/AudioEffects/packs/kenney_sci-fi-sounds/thrusterFire_002.mp3	5.068	0.6023	0.0753
Assets/_Project/AudioEffects/packs/kenney_sci-fi-sounds/thrusterFire_003.mp3	5.068	0.5842	0.0976
Assets/_Project/AudioEffects/packs/kenney_sci-fi-sounds/thrusterFire_004.mp3	5.068	0.6089	0.0733
Assets/_Project/AudioEffects/packs/kenney_ui-audio/click1.mp3	0.157	0.7704	0.0461
Assets/_Project/AudioEffects/packs/kenney_ui-audio/click2.mp3	0.131	0.8686	0.0892
Assets/_Project/AudioEffects/packs/kenney_ui-audio/click3.mp3	0.157	0.8295	0.0288
Assets/_Project/AudioEffects/packs/kenney_ui-audio/click4.mp3	0.104	0.9159	0.0645
Assets/_Project/AudioEffects/packs/kenney_ui-audio/click5.mp3	0.104	0.7310	0.0585
Assets/_Project/AudioEffects/packs/kenney_ui-audio/mouseclick1.mp3	0.131	0.8196	0.0395
Assets/_Project/AudioEffects/packs/kenney_ui-audio/mouserelease1.mp3	0.157	0.7139	0.0324
Assets/_Project/AudioEffects/packs/kenney_ui-audio/rollover1.mp3	0.313	0.8404	0.0393
Assets/_Project/AudioEffects/packs/kenney_ui-audio/rollover2.mp3	0.131	0.7393	0.0363
Assets/_Project/AudioEffects/packs/kenney_ui-audio/rollover3.mp3	0.157	0.7044	0.0919
Assets/_Project/AudioEffects/packs/kenney_ui-audio/rollover4.mp3	0.183	0.8159	0.0535
Assets/_Project/AudioEffects/packs/kenney_ui-audio/rollover5.mp3	0.183	0.8023	0.0486
Assets/_Project/AudioEffects/packs/kenney_ui-audio/rollover6.mp3	0.235	0.7844	0.1109
Assets/_Project/AudioEffects/packs/kenney_ui-audio/switch1.mp3	0.392	0.9532	0.0434
Assets/_Project/AudioEffects/packs/kenney_ui-audio/switch2.mp3	0.392	0.7262	0.0282
Assets/_Project/AudioEffects/packs/kenney_ui-audio/switch3.mp3	0.444	1.0000	0.0420
Assets/_Project/AudioEffects/packs/kenney_ui-audio/switch4.mp3	0.496	0.6502	0.0179
Assets/_Project/AudioEffects/packs/kenney_ui-audio/switch5.mp3	0.392	1.0000	0.0343
Assets/_Project/AudioEffects/packs/kenney_ui-audio/switch6.mp3	0.418	0.7461	0.0264
Assets/_Project/AudioEffects/packs/kenney_ui-audio/switch7.mp3	0.287	0.8959	0.0369
Assets/_Project/AudioEffects/packs/kenney_ui-audio/switch8.mp3	0.418	0.6543	0.0232
Assets/_Project/AudioEffects/packs/kenney_ui-audio/switch9.mp3	0.340	0.9448	0.0408
Assets/_Project/AudioEffects/packs/kenney_ui-audio/switch10.mp3	0.444	0.9593	0.0325
Assets/_Project/AudioEffects/packs/kenney_ui-audio/switch11.mp3	0.366	0.8008	0.0379
Assets/_Project/AudioEffects/packs/kenney_ui-audio/switch12.mp3	0.131	0.7107	0.0492
Assets/_Project/AudioEffects/packs/kenney_ui-audio/switch13.mp3	0.104	0.6824	0.0489
Assets/_Project/AudioEffects/packs/kenney_ui-audio/switch14.mp3	0.104	0.8740	0.0556
Assets/_Project/AudioEffects/packs/kenney_ui-audio/switch15.mp3	0.340	0.9417	0.0409
Assets/_Project/AudioEffects/packs/kenney_ui-audio/switch16.mp3	0.444	1.0000	0.0761
Assets/_Project/AudioEffects/packs/kenney_ui-audio/switch17.mp3	0.418	0.8427	0.0365
Assets/_Project/AudioEffects/packs/kenney_ui-audio/switch18.mp3	0.496	1.0000	0.0641
Assets/_Project/AudioEffects/packs/kenney_ui-audio/switch19.mp3	0.470	0.7479	0.0357
Assets/_Project/AudioEffects/packs/kenney_ui-audio/switch20.mp3	0.418	0.7832	0.0321
Assets/_Project/AudioEffects/packs/kenney_ui-audio/switch21.mp3	0.496	0.7441	0.0273
Assets/_Project/AudioEffects/packs/kenney_ui-audio/switch22.mp3	0.444	1.0000	0.0496
Assets/_Project/AudioEffects/packs/kenney_ui-audio/switch23.mp3	0.470	1.0000	0.0619
Assets/_Project/AudioEffects/packs/kenney_ui-audio/switch24.mp3	0.340	0.8029	0.0392
Assets/_Project/AudioEffects/packs/kenney_ui-audio/switch25.mp3	0.444	1.0000	0.0447
Assets/_Project/AudioEffects/packs/kenney_ui-audio/switch26.mp3	0.313	0.9203	0.0418
Assets/_Project/AudioEffects/packs/kenney_ui-audio/switch27.mp3	0.366	0.9866	0.0498
Assets/_Project/AudioEffects/packs/kenney_ui-audio/switch28.mp3	0.287	0.8196	0.0434
Assets/_Project/AudioEffects/packs/kenney_ui-audio/switch29.mp3	0.392	0.7980	0.0240
Assets/_Project/AudioEffects/packs/kenney_ui-audio/switch30.mp3	0.444	1.0000	0.0522
Assets/_Project/AudioEffects/packs/kenney_ui-audio/switch31.mp3	0.522	1.0000	0.0548
Assets/_Project/AudioEffects/packs/kenney_ui-audio/switch32.mp3	0.522	1.0000	0.0600
Assets/_Project/AudioEffects/packs/kenney_ui-audio/switch33.mp3	0.575	0.8009	0.0290
Assets/_Project/AudioEffects/packs/kenney_ui-audio/switch34.mp3	0.549	0.7633	0.0282
Assets/_Project/AudioEffects/packs/kenney_ui-audio/switch35.mp3	0.418	0.8120	0.0300
Assets/_Project/AudioEffects/packs/kenney_ui-audio/switch36.mp3	0.392	0.8835	0.0276
Assets/_Project/AudioEffects/packs/kenney_ui-audio/switch37.mp3	0.392	0.7351	0.0239
Assets/_Project/AudioEffects/packs/kenney_ui-audio/switch38.mp3	0.496	0.6648	0.0299
Assets/_Project/AudioEffects/pickupCoin.wav	0.068	0.9771	0.2778
Assets/_Project/AudioEffects/random (1).wav	1.015	0.7756	0.0256
Assets/_Project/AudioEffects/random.wav	0.703	1.0000	0.1248
Assets/_Project/AudioEffects/SFX/Game/Laser_Shot_SFX.wav	1.747	0.1282	0.0125
Assets/_Project/AudioEffects/SFX/Game/Pistol_shot_SFX.mp3	1.056	0.6689	0.0728
Assets/_Project/AudioEffects/SFX/Game/Зомби_SFX.mp3	3.912	1.0000	0.2149
Assets/_Project/AudioEffects/SFX/UI/Menu/Button_click.mp3	0.078	0.6666	0.1274
Assets/_Project/AudioEffects/SFX/UI/Menu/Button_confirm.wav	0.231	0.5040	0.0362
Assets/_Project/AudioEffects/SFX/UI/Menu/Button_Hover.wav	0.231	0.6870	0.0559
Assets/_Project/AudioEffects/Sword_Laser.mp3	0.601	1.0000	0.2227
Assets/_Project/AudioEffects/troll/DimaPreviewSnd.mp3	21.504	0.0000	0.0000
Assets/_Project/AudioEffects/troll/GeraPreviewSnd.mp3	12.984	0.0000	0.0000
Assets/_Project/AudioEffects/z_uk-vystrel-s-pistoleta (mp3cut.net).wav	0.513	1.0000	0.3759
Assets/_Project/AudioEffects/Зомби, получение урона.mp3	1.071	0.5634	0.0524
